# Id,Surface
0,carpet
1,carpet
2,fine_concrete
3,carpet
4,carpet
5,soft_pvc
6,hard_tiles_large_space
7,fine_concrete
8,hard_tiles_large_space
9,soft_pvc
10,carpet
11,carpet
12,fine_concrete
13,soft_tiles
14,soft_tiles
15,concrete
16,hard_tiles
17,carpet
18,hard_tiles
19,hard_tiles_large_space
20,soft_pvc
21,hard_tiles
22,soft_pvc
23,soft_pvc
24,fine_concrete
25,fine_concrete
26,carpet
27,carpet
28,carpet
29,soft_pvc
30,soft_tiles
31,carpet
32,hard_tiles
33,soft_tiles
34,hard_tiles
35,soft_pvc
36,soft_tiles
37,fine_concrete
38,carpet
39,soft_pvc
40,hard_tiles
41,soft_pvc
42,hard_tiles_large_space
43,hard_tiles
44,soft_pvc
45,carpet
46,carpet
47,soft_pvc
48,hard_tiles
49,hard_tiles_large_space
50,hard_tiles
51,soft_pvc
52,hard_tiles
53,soft_pvc
54,soft_pvc
55,hard_tiles
56,carpet
57,concrete
58,hard_tiles
59,soft_pvc
60,fine_concrete
61,soft_pvc
62,soft_pvc
63,hard_tiles
64,concrete
65,carpet
66,carpet
67,fine_concrete
68,soft_pvc
69,hard_tiles
70,hard_tiles
71,carpet
72,hard_tiles
73,soft_pvc
74,carpet
75,hard_tiles
76,soft_pvc
77,fine_concrete
78,hard_tiles
79,hard_tiles
80,soft_pvc
81,soft_pvc
82,hard_tiles_large_space
83,hard_tiles
84,carpet
85,concrete
86,hard_tiles
87,soft_pvc
88,carpet
89,soft_pvc
90,hard_tiles
91,carpet
92,carpet
93,hard_tiles
94,hard_tiles
95,hard_tiles
96,fine_concrete
97,hard_tiles
98,carpet
99,carpet
100,hard_tiles
101,soft_tiles
102,soft_tiles
103,soft_pvc
104,hard_tiles
105,carpet
106,soft_pvc
107,hard_tiles
108,hard_tiles
109,hard_tiles
110,soft_pvc
111,hard_tiles_large_space
112,carpet
113,soft_tiles
114,soft_tiles
115,soft_tiles
116,soft_pvc
117,hard_tiles
118,carpet
119,soft_tiles
120,hard_tiles
121,carpet
122,hard_tiles
123,hard_tiles_large_space
124,carpet
125,soft_pvc
126,hard_tiles
127,concrete
128,soft_pvc
129,carpet
130,hard_tiles
131,carpet
132,soft_pvc
133,soft_pvc
134,hard_tiles_large_space
135,soft_pvc
136,soft_pvc
137,soft_tiles
138,tiled
139,carpet
140,soft_tiles
141,carpet
142,hard_tiles_large_space
143,hard_tiles
144,hard_tiles_large_space
145,carpet
146,hard_tiles
147,carpet
148,hard_tiles
149,fine_concrete
150,hard_tiles
151,soft_tiles
152,hard_tiles_large_space
153,carpet
154,fine_concrete
155,hard_tiles_large_space
156,hard_tiles
157,soft_tiles
158,soft_tiles
159,fine_concrete
160,soft_pvc
161,hard_tiles
162,soft_pvc
163,carpet
164,carpet
165,hard_tiles
166,soft_tiles
167,carpet
168,carpet
169,soft_pvc
170,carpet
171,soft_pvc
172,soft_pvc
173,carpet
174,hard_tiles
175,carpet
176,carpet
177,soft_tiles
178,carpet
179,soft_tiles
180,hard_tiles
181,carpet
182,soft_pvc
183,hard_tiles
184,carpet
185,carpet
186,carpet
187,hard_tiles_large_space
188,soft_pvc
189,carpet
190,soft_pvc
191,soft_pvc
192,soft_tiles
193,hard_tiles
194,hard_tiles
195,hard_tiles
196,carpet
197,fine_concrete
198,soft_pvc
199,fine_concrete
200,hard_tiles_large_space
201,soft_pvc
202,carpet
203,hard_tiles
204,hard_tiles
205,carpet
206,hard_tiles_large_space
207,hard_tiles
208,hard_tiles
209,hard_tiles
210,fine_concrete
211,hard_tiles
212,soft_tiles
213,fine_concrete
214,soft_pvc
215,carpet
216,carpet
217,hard_tiles
218,fine_concrete
219,carpet
220,fine_concrete
221,soft_pvc
222,hard_tiles_large_space
223,carpet
224,soft_pvc
225,soft_tiles
226,hard_tiles
227,carpet
228,soft_tiles
229,carpet
230,soft_pvc
231,soft_pvc
232,concrete
233,tiled
234,carpet
235,hard_tiles
236,concrete
237,soft_pvc
238,carpet
239,carpet
240,fine_concrete
241,soft_pvc
242,hard_tiles
243,hard_tiles
244,hard_tiles
245,hard_tiles
246,soft_pvc
247,soft_pvc
248,carpet
249,carpet
250,soft_pvc
251,hard_tiles_large_space
252,carpet
253,tiled
254,carpet
255,carpet
256,soft_pvc
257,soft_tiles
258,carpet
259,carpet
260,soft_tiles
261,tiled
262,hard_tiles
263,fine_concrete
264,carpet
265,soft_pvc
266,carpet
267,carpet
268,carpet
269,carpet
270,soft_pvc
271,carpet
272,soft_pvc
273,hard_tiles
274,soft_pvc
275,soft_pvc
276,hard_tiles
277,fine_concrete
278,soft_pvc
279,carpet
280,hard_tiles_large_space
281,carpet
282,soft_pvc
283,carpet
284,carpet
285,carpet
286,tiled
287,carpet
288,hard_tiles
289,soft_pvc
290,hard_tiles
291,hard_tiles_large_space
292,carpet
293,soft_pvc
294,hard_tiles
295,carpet
296,soft_pvc
297,fine_concrete
298,hard_tiles
299,hard_tiles_large_space
300,soft_pvc
301,hard_tiles
302,carpet
303,hard_tiles
304,soft_pvc
305,soft_pvc
306,soft_pvc
307,carpet
308,soft_pvc
309,carpet
310,carpet
311,fine_concrete
312,hard_tiles
313,soft_pvc
314,hard_tiles
315,soft_pvc
316,carpet
317,hard_tiles_large_space
318,soft_pvc
319,hard_tiles
320,hard_tiles
321,hard_tiles
322,fine_concrete
323,carpet
324,soft_tiles
325,hard_tiles
326,hard_tiles_large_space
327,carpet
328,carpet
329,fine_concrete
330,carpet
331,hard_tiles
332,hard_tiles_large_space
333,fine_concrete
334,concrete
335,soft_tiles
336,soft_pvc
337,soft_pvc
338,hard_tiles
339,tiled
340,hard_tiles
341,hard_tiles
342,soft_tiles
343,soft_pvc
344,soft_pvc
345,carpet
346,hard_tiles_large_space
347,carpet
348,hard_tiles_large_space
349,hard_tiles
350,hard_tiles
351,carpet
352,hard_tiles
353,tiled
354,soft_pvc
355,hard_tiles
356,hard_tiles
357,hard_tiles_large_space
358,hard_tiles
359,hard_tiles
360,hard_tiles
361,carpet
362,hard_tiles
363,hard_tiles
364,hard_tiles_large_space
365,hard_tiles
366,hard_tiles
367,carpet
368,hard_tiles
369,carpet
370,tiled
371,soft_pvc
372,hard_tiles
373,hard_tiles
374,soft_tiles
375,carpet
376,carpet
377,fine_concrete
378,soft_pvc
379,hard_tiles
380,hard_tiles
381,soft_pvc
382,soft_tiles
383,carpet
384,carpet
385,soft_pvc
386,soft_pvc
387,fine_concrete
388,soft_pvc
389,concrete
390,soft_tiles
391,carpet
392,hard_tiles_large_space
393,hard_tiles_large_space
394,fine_concrete
395,hard_tiles
396,tiled
397,hard_tiles_large_space
398,concrete
399,soft_pvc
400,carpet
401,carpet
402,soft_pvc
403,soft_tiles
404,soft_tiles
405,hard_tiles
406,soft_pvc
407,carpet
408,hard_tiles_large_space
409,soft_pvc
410,carpet
411,soft_tiles
412,carpet
413,hard_tiles
414,soft_pvc
415,hard_tiles
416,hard_tiles_large_space
417,hard_tiles
418,soft_pvc
419,hard_tiles
420,hard_tiles_large_space
421,fine_concrete
422,hard_tiles
423,soft_pvc
424,hard_tiles
425,soft_tiles
426,carpet
427,soft_tiles
428,soft_pvc
429,fine_concrete
430,tiled
431,soft_pvc
432,hard_tiles
433,fine_concrete
434,soft_pvc
435,carpet
436,soft_pvc
437,fine_concrete
438,soft_pvc
439,hard_tiles
440,carpet
441,soft_pvc
442,soft_pvc
443,carpet
444,soft_pvc
445,carpet
446,soft_pvc
447,soft_pvc
448,carpet
449,tiled
450,soft_pvc
451,concrete
452,soft_pvc
453,hard_tiles_large_space
454,tiled
455,hard_tiles_large_space
456,fine_concrete
457,hard_tiles
458,hard_tiles
459,soft_pvc
460,soft_tiles
461,soft_pvc
462,soft_pvc
463,soft_pvc
464,carpet
465,hard_tiles
466,carpet
467,concrete
468,soft_pvc
469,hard_tiles
470,carpet
471,tiled
472,fine_concrete
473,soft_pvc
474,hard_tiles_large_space
475,hard_tiles
476,hard_tiles
477,carpet
478,hard_tiles_large_space
479,soft_pvc
480,carpet
481,hard_tiles
482,soft_pvc
483,carpet
484,soft_tiles
485,soft_pvc
486,carpet
487,soft_pvc
488,soft_tiles
489,hard_tiles_large_space
490,carpet
491,soft_tiles
492,hard_tiles
493,soft_pvc
494,soft_pvc
495,carpet
496,carpet
497,carpet
498,hard_tiles
499,concrete
500,soft_pvc
501,soft_pvc
502,soft_tiles
503,hard_tiles
504,soft_pvc
505,soft_tiles
506,hard_tiles
507,hard_tiles
508,carpet
509,concrete
510,soft_pvc
511,carpet
512,concrete
513,hard_tiles
514,soft_pvc
515,hard_tiles
516,soft_pvc
517,hard_tiles
518,carpet
519,soft_tiles
520,soft_pvc
521,hard_tiles
522,hard_tiles
523,hard_tiles_large_space
524,soft_tiles
525,carpet
526,soft_pvc
527,hard_tiles
528,concrete
529,carpet
530,soft_pvc
531,soft_tiles
532,soft_pvc
533,hard_tiles
534,carpet
535,carpet
536,carpet
537,soft_pvc
538,hard_tiles
539,soft_pvc
540,hard_tiles_large_space
541,carpet
542,carpet
543,hard_tiles
544,soft_pvc
545,tiled
546,fine_concrete
547,fine_concrete
548,carpet
549,concrete
550,hard_tiles
551,soft_tiles
552,hard_tiles
553,carpet
554,hard_tiles
555,soft_pvc
556,soft_pvc
557,carpet
558,soft_pvc
559,fine_concrete
560,soft_pvc
561,carpet
562,soft_pvc
563,hard_tiles
564,soft_pvc
565,hard_tiles_large_space
566,hard_tiles_large_space
567,hard_tiles
568,soft_pvc
569,soft_tiles
570,carpet
571,hard_tiles_large_space
572,hard_tiles_large_space
573,carpet
574,hard_tiles
575,soft_pvc
576,hard_tiles
577,soft_pvc
578,hard_tiles
579,carpet
580,hard_tiles
581,soft_pvc
582,soft_pvc
583,fine_concrete
584,soft_pvc
585,tiled
586,hard_tiles
587,hard_tiles
588,hard_tiles
589,hard_tiles
590,hard_tiles
591,concrete
592,hard_tiles
593,soft_pvc
594,hard_tiles
595,fine_concrete
596,hard_tiles
597,soft_tiles
598,hard_tiles_large_space
599,soft_pvc
600,soft_pvc
601,hard_tiles_large_space
602,hard_tiles_large_space
603,soft_tiles
604,soft_pvc
605,soft_pvc
606,soft_pvc
607,soft_tiles
608,soft_pvc
609,fine_concrete
610,hard_tiles
611,fine_concrete
612,soft_pvc
613,hard_tiles_large_space
614,hard_tiles
615,tiled
616,soft_pvc
617,soft_pvc
618,hard_tiles_large_space
619,carpet
620,soft_pvc
621,hard_tiles
622,hard_tiles
623,carpet
624,hard_tiles
625,soft_pvc
626,fine_concrete
627,hard_tiles
628,carpet
629,carpet
630,soft_pvc
631,soft_pvc
632,hard_tiles
633,soft_pvc
634,soft_pvc
635,hard_tiles
636,soft_pvc
637,soft_tiles
638,hard_tiles_large_space
639,hard_tiles
640,carpet
641,hard_tiles_large_space
642,tiled
643,tiled
644,carpet
645,carpet
646,soft_pvc
647,hard_tiles_large_space
648,carpet
649,tiled
650,hard_tiles
651,carpet
652,carpet
653,fine_concrete
654,tiled
655,carpet
656,carpet
657,fine_concrete
658,hard_tiles
659,hard_tiles_large_space
660,hard_tiles
661,hard_tiles
662,soft_pvc
663,hard_tiles_large_space
664,carpet
665,hard_tiles
666,concrete
667,carpet
668,soft_pvc
669,carpet
670,soft_pvc
671,carpet
672,soft_pvc
673,soft_tiles
674,carpet
675,soft_pvc
676,carpet
677,soft_tiles
678,soft_pvc
679,soft_pvc
680,soft_pvc
681,soft_pvc
682,soft_pvc
683,carpet
684,carpet
685,hard_tiles
686,hard_tiles_large_space
687,hard_tiles_large_space
688,soft_pvc
689,carpet
690,soft_tiles
691,fine_concrete
692,carpet
693,carpet
694,hard_tiles
695,hard_tiles
696,carpet
697,carpet
698,hard_tiles
699,soft_pvc
700,hard_tiles
701,carpet
702,hard_tiles
703,carpet
704,hard_tiles
705,carpet
706,carpet
707,hard_tiles
708,carpet
709,hard_tiles
710,soft_pvc
711,hard_tiles_large_space
712,carpet
713,soft_pvc
714,fine_concrete
715,fine_concrete
716,hard_tiles_large_space
717,hard_tiles
718,hard_tiles
719,soft_tiles
720,hard_tiles_large_space
721,hard_tiles
722,carpet
723,soft_tiles
724,fine_concrete
725,soft_pvc
726,soft_pvc
727,soft_pvc
728,carpet
729,carpet
730,carpet
731,soft_pvc
732,carpet
733,hard_tiles
734,soft_tiles
735,hard_tiles
736,hard_tiles_large_space
737,soft_pvc
738,soft_pvc
739,soft_pvc
740,carpet
741,soft_tiles
742,hard_tiles
743,soft_pvc
744,hard_tiles_large_space
745,concrete
746,hard_tiles
747,hard_tiles
748,carpet
749,hard_tiles
750,carpet
751,soft_pvc
752,concrete
753,hard_tiles
754,hard_tiles_large_space
755,carpet
756,fine_concrete
757,soft_pvc
758,carpet
759,tiled
760,hard_tiles
761,hard_tiles_large_space
762,hard_tiles
763,fine_concrete
764,carpet
765,carpet
766,carpet
767,soft_tiles
768,carpet
769,soft_pvc
770,hard_tiles_large_space
771,hard_tiles_large_space
772,hard_tiles
773,hard_tiles
774,carpet
775,hard_tiles_large_space
776,soft_pvc
777,carpet
778,soft_pvc
779,soft_pvc
780,hard_tiles
781,carpet
782,carpet
783,carpet
784,soft_pvc
785,concrete
786,carpet
787,concrete
788,hard_tiles
789,hard_tiles
790,soft_tiles
791,fine_concrete
792,hard_tiles
793,soft_pvc
794,hard_tiles
795,carpet
796,carpet
797,soft_pvc
798,soft_pvc
799,concrete
800,hard_tiles
801,hard_tiles
802,concrete
803,fine_concrete
804,soft_pvc
805,soft_tiles
806,soft_pvc
807,hard_tiles
808,soft_pvc
809,carpet
810,hard_tiles_large_space
811,soft_pvc
812,hard_tiles_large_space
813,hard_tiles
814,soft_pvc
815,carpet
816,soft_pvc
817,soft_pvc
818,carpet
819,hard_tiles
820,hard_tiles
821,soft_pvc
822,fine_concrete
823,hard_tiles
824,soft_tiles
825,carpet
826,soft_pvc
827,soft_pvc
828,tiled
829,hard_tiles
830,soft_pvc
831,hard_tiles
832,hard_tiles_large_space
833,fine_concrete
834,soft_pvc
835,fine_concrete
836,hard_tiles
837,carpet
838,hard_tiles
839,hard_tiles
840,fine_concrete
841,soft_pvc
842,hard_tiles_large_space
843,hard_tiles_large_space
844,carpet
845,soft_pvc
846,hard_tiles
847,hard_tiles
848,hard_tiles
849,hard_tiles
850,soft_tiles
851,concrete
852,concrete
853,carpet
854,carpet
855,hard_tiles
856,hard_tiles
857,carpet
858,hard_tiles
859,hard_tiles
860,fine_concrete
861,carpet
862,carpet
863,soft_pvc
864,hard_tiles
865,carpet
866,hard_tiles
867,carpet
868,hard_tiles
869,hard_tiles
870,carpet
871,hard_tiles
872,hard_tiles
873,hard_tiles
874,carpet
875,soft_pvc
876,hard_tiles
877,hard_tiles
878,soft_pvc
879,carpet
880,hard_tiles
881,carpet
882,soft_pvc
883,soft_pvc
884,carpet
885,carpet
886,hard_tiles
887,hard_tiles
888,concrete
889,hard_tiles
890,concrete
891,soft_tiles
892,soft_tiles
893,concrete
894,soft_tiles
895,hard_tiles_large_space
896,soft_tiles
897,carpet
898,carpet
899,hard_tiles
900,carpet
901,soft_pvc
902,carpet
903,hard_tiles
904,tiled
905,concrete
906,soft_pvc
907,soft_pvc
908,hard_tiles_large_space
909,hard_tiles
910,fine_concrete
911,concrete
912,hard_tiles
913,carpet
914,soft_pvc
915,soft_tiles
916,hard_tiles
917,hard_tiles_large_space
918,soft_pvc
919,soft_tiles
920,soft_tiles
921,soft_pvc
922,soft_pvc
923,hard_tiles
924,carpet
925,hard_tiles
926,carpet
927,soft_pvc
928,hard_tiles
929,carpet
930,hard_tiles
931,hard_tiles
932,concrete
933,hard_tiles
934,soft_tiles
935,hard_tiles
936,hard_tiles
937,concrete
938,hard_tiles
939,soft_pvc
940,carpet
941,hard_tiles
942,carpet
943,carpet
944,soft_pvc
945,carpet
946,hard_tiles
947,concrete
948,carpet
949,carpet
950,hard_tiles
951,concrete
952,soft_pvc
953,soft_pvc
954,soft_pvc
955,hard_tiles
956,carpet
957,carpet
958,carpet
959,soft_pvc
960,hard_tiles
961,hard_tiles
962,carpet
963,carpet
964,hard_tiles
965,soft_pvc
966,concrete
967,soft_pvc
968,soft_tiles
969,hard_tiles
970,hard_tiles_large_space
971,hard_tiles
972,soft_tiles
973,carpet
974,carpet
975,soft_pvc
976,soft_tiles
977,soft_pvc
978,soft_pvc
979,carpet
980,soft_tiles
981,carpet
982,soft_pvc
983,carpet
984,soft_pvc
985,soft_tiles
986,hard_tiles_large_space
987,soft_pvc
988,soft_pvc
989,carpet
990,hard_tiles
991,hard_tiles
992,concrete
993,carpet
994,soft_pvc
995,hard_tiles_large_space
996,soft_pvc
997,soft_tiles
998,soft_pvc
999,carpet
1000,soft_pvc
1001,carpet
1002,carpet
1003,hard_tiles
1004,hard_tiles
1005,hard_tiles
1006,soft_pvc
1007,soft_pvc
1008,soft_pvc
1009,fine_concrete
1010,carpet
1011,hard_tiles
1012,soft_tiles
1013,hard_tiles_large_space
1014,carpet
1015,carpet
1016,soft_tiles
1017,carpet
1018,hard_tiles_large_space
1019,hard_tiles
1020,carpet
1021,hard_tiles
1022,hard_tiles_large_space
1023,carpet
1024,carpet
1025,carpet
1026,soft_pvc
1027,hard_tiles
1028,carpet
1029,tiled
1030,soft_pvc
1031,hard_tiles
1032,hard_tiles
1033,hard_tiles
1034,carpet
1035,carpet
1036,soft_pvc
1037,hard_tiles
1038,soft_pvc
1039,hard_tiles
1040,carpet
1041,carpet
1042,hard_tiles
1043,carpet
1044,carpet
1045,carpet
1046,concrete
1047,carpet
1048,soft_pvc
1049,carpet
1050,carpet
1051,carpet
1052,hard_tiles
1053,carpet
1054,soft_pvc
1055,fine_concrete
1056,hard_tiles_large_space
1057,soft_pvc
1058,hard_tiles
1059,hard_tiles
1060,hard_tiles
1061,hard_tiles_large_space
1062,soft_pvc
1063,soft_tiles
1064,hard_tiles_large_space
1065,soft_pvc
1066,hard_tiles
1067,soft_pvc
1068,hard_tiles
1069,hard_tiles
1070,hard_tiles_large_space
1071,soft_pvc
1072,fine_concrete
1073,hard_tiles
1074,hard_tiles
1075,carpet
1076,soft_pvc
1077,hard_tiles
1078,concrete
1079,soft_pvc
1080,hard_tiles_large_space
1081,fine_concrete
1082,hard_tiles
1083,tiled
1084,hard_tiles
1085,hard_tiles
1086,hard_tiles
1087,hard_tiles_large_space
1088,soft_pvc
1089,carpet
1090,carpet
1091,carpet
1092,carpet
1093,carpet
1094,soft_pvc
1095,hard_tiles
1096,soft_pvc
1097,carpet
1098,carpet
1099,carpet
1100,soft_pvc
1101,hard_tiles
1102,carpet
1103,carpet
1104,hard_tiles
1105,fine_concrete
1106,soft_pvc
1107,hard_tiles_large_space
1108,carpet
1109,hard_tiles
1110,fine_concrete
1111,hard_tiles
1112,hard_tiles
1113,carpet
1114,soft_tiles
1115,carpet
1116,hard_tiles_large_space
1117,hard_tiles
1118,carpet
1119,carpet
1120,soft_pvc
1121,hard_tiles
1122,fine_concrete
1123,hard_tiles_large_space
1124,hard_tiles_large_space
1125,hard_tiles_large_space
1126,soft_pvc
1127,hard_tiles_large_space
1128,hard_tiles_large_space
1129,hard_tiles
1130,carpet
1131,carpet
1132,tiled
1133,soft_pvc
1134,carpet
1135,soft_pvc
1136,soft_pvc
1137,fine_concrete
1138,carpet
1139,soft_tiles
1140,hard_tiles
1141,hard_tiles
1142,fine_concrete
1143,soft_pvc
1144,carpet
1145,hard_tiles
1146,hard_tiles
1147,soft_pvc
1148,fine_concrete
1149,soft_pvc
1150,soft_tiles
1151,carpet
1152,carpet
1153,soft_pvc
1154,hard_tiles
1155,soft_tiles
1156,carpet
1157,tiled
1158,concrete
1159,hard_tiles_large_space
1160,hard_tiles
1161,soft_pvc
1162,soft_tiles
1163,soft_pvc
1164,soft_pvc
1165,soft_pvc
1166,soft_pvc
1167,soft_tiles
1168,carpet
1169,fine_concrete
1170,soft_tiles
1171,fine_concrete
1172,soft_tiles
1173,hard_tiles
1174,carpet
1175,carpet
1176,hard_tiles
1177,hard_tiles
1178,soft_pvc
1179,hard_tiles
1180,hard_tiles
1181,hard_tiles
1182,concrete
1183,hard_tiles
1184,hard_tiles_large_space
1185,carpet
1186,carpet
1187,hard_tiles
1188,soft_pvc
1189,fine_concrete
1190,hard_tiles_large_space
1191,hard_tiles
1192,soft_pvc
1193,hard_tiles
1194,carpet
1195,hard_tiles
1196,soft_pvc
1197,hard_tiles
1198,concrete
1199,hard_tiles
1200,hard_tiles
1201,soft_pvc
1202,soft_pvc
1203,hard_tiles_large_space
1204,concrete
1205,hard_tiles_large_space
1206,hard_tiles
1207,hard_tiles
1208,carpet
1209,carpet
1210,carpet
1211,carpet
1212,soft_tiles
1213,hard_tiles
1214,hard_tiles_large_space
1215,soft_pvc
1216,hard_tiles
1217,hard_tiles_large_space
1218,soft_pvc
1219,soft_pvc
1220,fine_concrete
1221,hard_tiles
1222,hard_tiles
1223,soft_pvc
1224,fine_concrete
1225,hard_tiles_large_space
1226,carpet
1227,fine_concrete
1228,carpet
1229,carpet
1230,hard_tiles
1231,hard_tiles
1232,carpet
1233,carpet
1234,soft_tiles
1235,soft_pvc
1236,carpet
1237,hard_tiles
1238,soft_pvc
1239,carpet
1240,soft_pvc
1241,hard_tiles
1242,carpet
1243,concrete
1244,fine_concrete
1245,soft_pvc
1246,tiled
1247,tiled
1248,concrete
1249,carpet
1250,carpet
1251,hard_tiles
1252,soft_pvc
1253,soft_tiles
1254,hard_tiles
1255,hard_tiles
1256,hard_tiles_large_space
1257,tiled
1258,soft_tiles
1259,hard_tiles
1260,carpet
1261,carpet
1262,carpet
1263,soft_pvc
1264,carpet
1265,carpet
1266,carpet
1267,hard_tiles
1268,carpet
1269,soft_tiles
1270,carpet
1271,carpet
1272,carpet
1273,hard_tiles_large_space
1274,soft_pvc
1275,soft_pvc
1276,carpet
1277,hard_tiles_large_space
1278,hard_tiles
1279,hard_tiles
1280,soft_pvc
1281,soft_pvc
1282,soft_pvc
1283,hard_tiles
1284,concrete
1285,fine_concrete
1286,hard_tiles
1287,carpet
1288,soft_pvc
1289,soft_pvc
1290,soft_pvc
1291,soft_pvc
1292,carpet
1293,hard_tiles
1294,soft_pvc
1295,carpet
1296,hard_tiles_large_space
1297,hard_tiles
1298,soft_pvc
1299,carpet
1300,carpet
1301,hard_tiles
1302,carpet
1303,soft_pvc
1304,carpet
1305,tiled
1306,carpet
1307,carpet
1308,hard_tiles_large_space
1309,carpet
1310,soft_tiles
1311,soft_tiles
1312,soft_pvc
1313,hard_tiles
1314,hard_tiles
1315,carpet
1316,soft_pvc
1317,hard_tiles
1318,hard_tiles
1319,soft_pvc
1320,concrete
1321,soft_pvc
1322,hard_tiles
1323,carpet
1324,soft_pvc
1325,soft_pvc
1326,fine_concrete
1327,soft_pvc
1328,soft_pvc
1329,hard_tiles
1330,carpet
1331,hard_tiles
1332,soft_tiles
1333,soft_pvc
1334,carpet
1335,soft_pvc
1336,carpet
1337,hard_tiles_large_space
1338,soft_pvc
1339,soft_pvc
1340,carpet
1341,hard_tiles
1342,fine_concrete
1343,soft_pvc
1344,carpet
1345,soft_tiles
1346,hard_tiles
1347,carpet
1348,soft_tiles
1349,soft_pvc
1350,concrete
1351,soft_tiles
1352,soft_pvc
1353,carpet
1354,soft_pvc
1355,carpet
1356,carpet
1357,soft_pvc
1358,concrete
1359,fine_concrete
1360,soft_pvc
1361,hard_tiles_large_space
1362,carpet
1363,soft_pvc
1364,hard_tiles_large_space
1365,carpet
1366,hard_tiles
1367,carpet
1368,concrete
1369,fine_concrete
1370,carpet
1371,hard_tiles_large_space
1372,concrete
1373,carpet
1374,fine_concrete
1375,hard_tiles
1376,soft_pvc
1377,soft_pvc
1378,hard_tiles
1379,hard_tiles
1380,hard_tiles
1381,soft_pvc
1382,soft_pvc
1383,soft_tiles
1384,hard_tiles
1385,soft_pvc
1386,carpet
1387,hard_tiles
1388,hard_tiles
1389,tiled
1390,soft_pvc
1391,soft_pvc
1392,hard_tiles
1393,carpet
1394,hard_tiles
1395,carpet
1396,hard_tiles
1397,hard_tiles
1398,carpet
1399,tiled
1400,soft_pvc
1401,tiled
1402,hard_tiles
1403,soft_pvc
1404,soft_pvc
1405,hard_tiles_large_space
1406,hard_tiles
1407,hard_tiles
1408,soft_pvc
1409,hard_tiles
1410,carpet
1411,carpet
1412,soft_pvc
1413,carpet
1414,carpet
1415,fine_concrete
1416,soft_tiles
1417,soft_pvc
1418,soft_pvc
1419,soft_pvc
1420,soft_pvc
1421,soft_pvc
1422,soft_pvc
1423,soft_pvc
1424,soft_pvc
1425,hard_tiles_large_space
1426,hard_tiles
1427,carpet
1428,carpet
1429,carpet
1430,soft_tiles
1431,carpet
1432,carpet
1433,carpet
1434,carpet
1435,carpet
1436,hard_tiles
1437,soft_tiles
1438,hard_tiles
1439,fine_concrete
1440,fine_concrete
1441,carpet
1442,soft_tiles
1443,soft_pvc
1444,soft_pvc
1445,soft_tiles
1446,soft_pvc
1447,carpet
1448,carpet
1449,tiled
1450,hard_tiles
1451,carpet
1452,soft_pvc
1453,carpet
1454,hard_tiles
1455,soft_pvc
1456,soft_pvc
1457,hard_tiles
1458,hard_tiles
1459,soft_pvc
1460,hard_tiles
1461,carpet
1462,soft_pvc
1463,hard_tiles
1464,soft_tiles
1465,carpet
1466,hard_tiles
1467,tiled
1468,carpet
1469,carpet
1470,hard_tiles
1471,hard_tiles
1472,carpet
1473,fine_concrete
1474,carpet
1475,hard_tiles
1476,soft_pvc
1477,carpet
1478,carpet
1479,hard_tiles
1480,carpet
1481,hard_tiles
1482,soft_tiles
1483,carpet
1484,fine_concrete
1485,carpet
1486,hard_tiles
1487,soft_pvc
1488,soft_pvc
1489,carpet
1490,carpet
1491,hard_tiles
1492,soft_pvc
1493,soft_pvc
1494,hard_tiles
1495,hard_tiles
1496,soft_pvc
1497,carpet
1498,hard_tiles
1499,hard_tiles
1500,hard_tiles
1501,soft_pvc
1502,soft_pvc
1503,fine_concrete
1504,soft_pvc
1505,fine_concrete
1506,hard_tiles_large_space
1507,fine_concrete
1508,hard_tiles
1509,hard_tiles
1510,hard_tiles
1511,hard_tiles_large_space
1512,carpet
1513,carpet
1514,soft_pvc
1515,carpet
1516,carpet
1517,carpet
1518,hard_tiles
1519,soft_pvc
1520,hard_tiles_large_space
1521,hard_tiles_large_space
1522,hard_tiles
1523,hard_tiles
1524,hard_tiles_large_space
1525,hard_tiles
1526,hard_tiles_large_space
1527,soft_pvc
1528,soft_pvc
1529,soft_pvc
1530,hard_tiles
1531,soft_pvc
1532,carpet
1533,soft_pvc
1534,carpet
1535,carpet
1536,hard_tiles_large_space
1537,soft_pvc
1538,carpet
1539,hard_tiles_large_space
1540,soft_pvc
1541,hard_tiles
1542,soft_pvc
1543,hard_tiles
1544,soft_tiles
1545,fine_concrete
1546,soft_tiles
1547,hard_tiles
1548,soft_pvc
1549,hard_tiles
1550,hard_tiles
1551,hard_tiles_large_space
1552,soft_tiles
1553,hard_tiles
1554,soft_pvc
1555,hard_tiles
1556,carpet
1557,soft_pvc
1558,concrete
1559,soft_pvc
1560,hard_tiles
1561,carpet
1562,carpet
1563,carpet
1564,hard_tiles
1565,soft_tiles
1566,carpet
1567,carpet
1568,hard_tiles
1569,hard_tiles
1570,soft_tiles
1571,hard_tiles
1572,carpet
1573,hard_tiles
1574,soft_tiles
1575,hard_tiles
1576,concrete
1577,soft_tiles
1578,carpet
1579,soft_pvc
1580,concrete
1581,soft_pvc
1582,soft_pvc
1583,hard_tiles
1584,carpet
1585,concrete
1586,soft_tiles
1587,hard_tiles
1588,carpet
1589,soft_tiles
1590,soft_pvc
1591,carpet
1592,carpet
1593,carpet
1594,soft_pvc
1595,carpet
1596,carpet
1597,tiled
1598,tiled
1599,fine_concrete
1600,carpet
1601,hard_tiles
1602,soft_pvc
1603,hard_tiles
1604,tiled
1605,soft_pvc
1606,soft_pvc
1607,soft_pvc
1608,fine_concrete
1609,hard_tiles
1610,soft_pvc
1611,soft_pvc
1612,hard_tiles
1613,soft_tiles
1614,carpet
1615,carpet
1616,hard_tiles
1617,hard_tiles
1618,hard_tiles
1619,hard_tiles
1620,hard_tiles
1621,soft_pvc
1622,concrete
1623,soft_tiles
1624,carpet
1625,carpet
1626,soft_pvc
1627,soft_pvc
1628,soft_pvc
1629,hard_tiles_large_space
1630,carpet
1631,carpet
1632,hard_tiles
1633,carpet
1634,hard_tiles
1635,hard_tiles
1636,hard_tiles
1637,hard_tiles
1638,hard_tiles_large_space
1639,soft_pvc
1640,hard_tiles
1641,hard_tiles_large_space
1642,hard_tiles_large_space
1643,hard_tiles
1644,hard_tiles
1645,soft_tiles
1646,hard_tiles
1647,tiled
1648,soft_pvc
1649,hard_tiles
1650,fine_concrete
1651,carpet
1652,carpet
1653,soft_pvc
1654,soft_tiles
1655,hard_tiles
1656,carpet
1657,soft_pvc
1658,soft_pvc
1659,hard_tiles
1660,fine_concrete
1661,soft_tiles
1662,soft_pvc
1663,hard_tiles
1664,soft_pvc
1665,soft_pvc
1666,hard_tiles
1667,carpet
1668,hard_tiles_large_space
1669,carpet
1670,carpet
1671,soft_pvc
1672,soft_pvc
1673,soft_pvc
1674,soft_tiles
1675,hard_tiles
1676,soft_pvc
1677,fine_concrete
1678,soft_pvc
1679,soft_pvc
1680,hard_tiles
1681,carpet
1682,carpet
1683,concrete
1684,hard_tiles_large_space
1685,carpet
1686,hard_tiles
1687,carpet
1688,soft_tiles
1689,hard_tiles_large_space
1690,carpet
1691,hard_tiles
1692,soft_tiles
1693,soft_tiles
1694,hard_tiles
1695,carpet
1696,soft_tiles
1697,hard_tiles
1698,hard_tiles
1699,carpet
1700,soft_pvc
1701,carpet
1702,soft_pvc
1703,soft_pvc
1704,carpet
